<?xml version="1.0" encoding="UTF-8"?>
<project-private xmlns="http://www.netbeans.org/ns/project-private/1">
    <editor-bookmarks xmlns="http://www.netbeans.org/ns/editor-bookmarks/2" lastBookmarkId="0"/>
    <open-files xmlns="http://www.netbeans.org/ns/projectui-open-files/2">
        <group>
            <file>file:/F:/Project/Employee%20management/src/employee/management/Salary.fxml</file>
            <file>file:/F:/Project/Employee%20management/src/employee/management/MainSceneController.java</file>
            <file>file:/F:/Project/Employee%20management/src/employee/management/ProjectScene.fxml</file>
            <file>file:/F:/Project/Employee%20management/src/employee/management/AssingnController.java</file>
            <file>file:/F:/Project/Employee%20management/src/employee/management/MainScene.fxml</file>
            <file>file:/F:/Project/Employee%20management/src/employee/management/SalaryController.java</file>
            <file>file:/F:/Project/Employee%20management/src/employee/management/EmployeeManagement.java</file>
            <file>file:/F:/Project/Employee%20management/src/employee/management/EmployeeScene.fxml</file>
            <file>file:/F:/Project/Employee%20management/src/DB/DBConnection.java</file>
            <file>file:/F:/Project/Employee%20management/src/employee/management/ProjectSceneController.java</file>
            <file>file:/F:/Project/Employee%20management/src/DB/DisplayDatabase.java</file>
            <file>file:/F:/Project/Employee%20management/src/employee/management/EmployeeSceneController.java</file>
            <file>file:/F:/Project/Employee%20management/src/DB/DeleteDatabase.java</file>
            <file>file:/F:/Project/Employee%20management/src/employee/management/AttendenceController.java</file>
            <file>file:/F:/Project/Employee%20management/src/DB/QueryDatabase.java</file>
        </group>
    </open-files>
</project-private>
